log2FoldChange	logCPM	pvalue	padj	gene_id	baseMean	rank
668	13.427804496401	11.1984266356547	6.76456294016563e-14	6.76456294016563e-11	668	1667.74563740134	13.1697602580177
846	-13.1567058730393	10.976118464594	1.524653894497e-12	7.62326947248501e-10	846	5946.03751277449	-11.8168287325596
295	-13.0425581926184	10.8643141368674	2.48602961329581e-12	8.28676537765271e-10	295	0	-11.6044937023982
195	-12.8945807669552	10.7196256454004	4.67058958116407e-12	1.16764739529102e-09	195	0	-11.3306282938055
737	-12.7658089793759	10.5939624811501	8.09517572604119e-12	1.61903514520824e-09	737	86.6978909095343	-11.0917737193601
364	-12.6804441583015	10.510792675098	1.1659336428543e-11	1.9432227380905e-09	364	1043.48056415066	-10.9333261660112
670	12.1163122793936	9.8612377604327	1.90944836429567e-11	2.72778337756524e-09	670	315.640033563255	10.7190920814146
330	11.9230509402007	9.66207622457455	4.33819566129413e-11	5.42274457661767e-09	330	122.818156950836	10.362690864331
390	-12.1258056506251	9.9733611218916	1.22832666552621e-10	1.31854934057945e-08	390	155.089883069317	-9.91068612002774
98	11.6622102330848	9.39212129420631	1.31854934057945e-10	1.31854934057945e-08	98	69.920007918794	9.87990361411442
509	11.4131744726681	9.13301890497387	3.82890219862535e-10	3.4808201805685e-08	509	11253.5701322834	9.41692572666349
863	11.2281354900476	8.93955987560518	8.43082829828752e-10	7.02569024857293e-08	863	20032.8650014594	9.07412975542221
452	-11.5650197784498	9.43613108238405	1.31184125405936e-09	1.00910865696874e-07	452	0	-8.88211871576618
187	-11.3204853938988	9.20415035864048	3.6420878615417e-09	2.42805857436113e-07	187	2.40065624042059	-8.43864958151681
825	-11.3204853938988	9.20415035864048	3.6420878615417e-09	2.42805857436113e-07	825	0	-8.43864958151681
479	-11.2855807978576	9.17116059149934	4.22411073123517e-09	2.64006920702198e-07	479	3.08274221022592	-8.37426470568871
267	-11.2629208752366	9.14976065012264	4.60494150832911e-09	2.70878912254653e-07	267	0	-8.33677588181268
756	10.7549148902639	8.44086237681118	6.17697458734317e-09	3.43165254852398e-07	756	0	8.20922418538715
903	-11.1368500471179	9.03094619436385	7.75265237799417e-09	4.06455515551177e-07	903	0	-8.11054968897046
961	-11.126128421793	9.02086119293879	8.12911031102354e-09	4.06455515551177e-07	961	18.4964532613555	-8.08995698308445
7	7.79549077623196	8.18616564911911	1.64556553174285e-08	7.83602634163264e-07	7	0	7.78368481801402
484	10.450957424347	8.11746806211752	2.22065269639456e-08	9.6550117234546e-07	484	0	7.65351935853105
947	10.450957424347	8.11746806211752	2.22065269639456e-08	9.6550117234546e-07	947	198.137851577488	7.65351935853105
585	-10.7041148642634	8.62643046031838	4.65773474302129e-08	1.92280162155232e-06	585	0	-7.33182524807321
803	-10.6944704982342	8.61747553308492	4.8070040538808e-08	1.92280162155232e-06	803	0	-7.31812551161853
857	-7.33326846535232	9.15985923307427	5.31621753033324e-08	2.04469905012817e-06	857	13.2036093223133	-7.27439725679429
683	-10.609780966718	8.53895650734063	6.87573122170626e-08	2.45561829346652e-06	683	831.674282484866	-7.16268110860094
630	-10.6046409607059	8.53419775800329	6.87573122170626e-08	2.45561829346652e-06	630	1271.63019839959	-7.16268110860094
290	10.1219140512195	7.76488457845876	8.71576590864221e-08	2.90525530288074e-06	290	0	7.05969444271562
847	10.1219140512195	7.76488457845876	8.71576590864221e-08	2.90525530288074e-06	847	0	7.05969444271562
993	10.0844734168943	7.72462418914859	1.00753824800827e-07	3.25012338067184e-06	993	0	6.9967384582552
862	5.46720577485047	10.7010690915615	1.25468865786782e-07	3.92090205583695e-06	862	1948.43186301894	6.90146402792384
923	-10.4354752223504	8.37801540203203	1.39632211834747e-07	4.23127914650749e-06	923	7.20196872126177	-6.85501438251268
291	-10.4180005004181	8.36193035386181	1.44985151489795e-07	4.26426916146455e-06	291	1219.90208712937	-6.83867647332537
746	9.881141335574	7.50559283120849	2.32365152414867e-07	6.6390043547105e-06	746	9349.44714660964	6.63382900213669
827	-10.2700158562189	8.22608178333825	2.62408971527318e-07	7.28913809798106e-06	827	23.2977657421967	-6.58102132090384
512	-10.2569703251765	8.21413777816313	2.85270463362367e-07	7.71001252330722e-06	512	921.02038519701	-6.54474319246067
476	-5.55266446543739	9.61967048301859	4.52510627089379e-07	1.19081743970889e-05	476	593.979024324847	-6.34437121705086
885	-5.52164680335687	9.59054814948769	5.12316482205071e-07	1.31363200565403e-05	885	8025.8875434297	-6.29046167181141
675	9.66987876862377	7.27756753607536	5.71536727419596e-07	1.42884181854899e-05	675	2827.49060572682	6.2429558562518
880	-10.0456523680117	8.02138274356432	6.39164078395172e-07	1.55893677657359e-05	880	54.860695198669	-6.19438764075466
731	9.53759876372106	7.13474498286981	9.79672980906866e-07	2.27830925792294e-05	731	0	6.00891886950023
886	9.53759876372106	7.13474498286981	9.79672980906866e-07	2.27830925792294e-05	886	23.8160078926017	6.00891886950023
606	9.45198773403738	7.04236557364723	1.30656994462305e-06	2.96947714687056e-05	606	3.60098436063089	5.88386733622312
904	-6.47921682432036	8.3680754918638	1.67754597129364e-06	3.72787993620809e-05	904	1.2003281202103	-5.77532556963552
283	9.32931407541176	6.91016160910462	2.23810682965742e-06	4.86544962969005e-05	283	20.405578043575	5.6501191875023
115	-9.6953408345914	7.70484876029971	2.55793028028601e-06	5.44240485167236e-05	115	40.1023594251409	-5.59211129695655
838	-9.64615773610393	7.6607088943367	3.06779063154847e-06	6.39123048239264e-05	838	0	-5.51317428314088
840	-9.57435681074118	7.59640347517407	4.20444934830802e-06	8.58050887409799e-05	840	9.24822663067777	-5.37629087516948
950	4.41103303144396	10.6758062472238	5.80232965416059e-06	0.000116046593083212	950	0	5.23639760078054
280	-9.39543817404035	7.43684933199066	8.31923348921e-06	0.000163122225278627	280	0	-5.07991668653882
549	8.88267039526219	6.43260606887024	1.15831234547969e-05	0.00021854949914711	549	5839.79263924634	4.93617431485103
678	8.88267039526219	6.43260606887024	1.15831234547969e-05	0.00021854949914711	678	65.091984745749	4.93617431485103
135	8.83837178834683	6.38575478907343	1.43260350421318e-05	0.000265296945224664	135	4.28307033043622	4.84387399087209
752	-9.20479850504999	7.267920720137	1.65051666322535e-05	0.000300093938768246	752	1262.56894661434	-4.7823800867773
841	8.7454724890747	6.28791727425851	1.99870438914881e-05	0.000356911498062287	841	0	4.69925143382332
117	-4.00778317790938	11.5211325758683	2.4909747105688e-05	0.000437013107117333	117	0	-4.60363068158279
93	4.13997747349469	8.40816390534554	3.71774401799138e-05	0.000640084407793581	93	0	4.42972051650092
302	-8.96916572322473	7.06066304405788	3.90451488754085e-05	0.000640084407793581	302	0	-4.40843291690871
303	-8.96916572322473	7.06066304405788	3.90451488754085e-05	0.000640084407793581	303	1.2003281202103	-4.40843291690871
545	-8.96916572322473	7.06066304405788	3.90451488754085e-05	0.000640084407793581	545	0	-4.40843291690871
733	-8.93680966757453	7.03233691273965	4.28502477849074e-05	0.000691133028788828	733	2.40065624042059	-4.36804666239173
547	-8.92035538260922	7.01794443298318	4.70921224589551e-05	0.000735814413421174	547	0	-4.32705173530713
699	-8.92035538260922	7.01794443298318	4.70921224589551e-05	0.000735814413421174	699	46.7593753037938	-4.32705173530713
937	-8.83514544663269	6.94354631507304	6.3063082958697e-05	0.000967149948612843	937	0	-4.20022480175776
790	-5.24445337060037	7.26636937658957	6.38318966084476e-05	0.000967149948612843	790	0	-4.19496225138179
602	-8.79960050630701	6.91257842241578	6.97267549700171e-05	0.00104069783537339	602	19.6967813815658	-4.15660054605865
276	3.72548688751022	10.6290615591111	7.35407346074416e-05	0.00108148139128591	276	1.2003281202103	4.1334720362245
945	3.64849000357367	12.8059811569617	8.09420347121131e-05	0.00115795816404252	945	0	4.09182588255952
990	8.36316653304698	5.8927284616743	8.10570714829761e-05	0.00115795816404252	990	299.239679929545	4.09120909096884
765	-8.70670692957045	6.83183401952959	9.51988135057795e-05	0.00134082835923633	765	0	-4.0213684643372
905	-8.64795710768454	6.78090891518027	0.000118213968999229	0.00164186068054484	905	0	-3.92733120111272
651	5.04745891902193	6.24976857444334	0.000166000223507814	0.00227397566449061	651	0	3.77989132721208
761	-3.50100387019464	10.6400044007078	0.000189904733718877	0.00256628018539024	761	1550.5675633882	-3.7214642095528
129	8.08845419069856	5.61831036884455	0.000203568772870047	0.0026785364851322	129	0	3.69128884131734
839	8.08845419069856	5.61831036884455	0.000203568772870047	0.0026785364851322	839	0	3.69128884131734
236	-8.43280838066396	6.59536657702291	0.000237676622246235	0.00308670937982123	236	1.2003281202103	-3.62401353315931
724	3.3810608421275	9.6234670238526	0.000297268022742863	0.00381112849670337	724	0	3.52685180553855
796	4.2547572323855	6.45201377207333	0.000324009601354148	0.00410138735891326	796	25.8622658020177	3.48944212018431
298	-3.51825963977522	8.95196415879067	0.000332210712710095	0.00415263390887619	298	0	-3.47858636708069
90	3.37737991701951	8.56535441372037	0.000383128576460873	0.00472998242544288	90	83.7789925187088	3.41665545402991
729	-8.26050303711933	6.44788374167	0.000454346216470366	0.00554080751793129	729	2474.34300315663	-3.34261308414692
176	7.74883001625633	5.29317501038676	0.000599919911805197	0.00714190371196663	176	6300.54047492298	3.22190672325406
272	7.74883001625633	5.29317501038676	0.000599919911805197	0.00714190371196663	272	6029.82035856763	3.22190672325406
698	3.13122130795562	9.72755282629849	0.000653920112651312	0.00769317779589779	698	989.164821794604	3.18447530481624
481	-3.09566914002165	10.6135807118402	0.000734567768816973	0.00854148568391829	481	162.345273174987	-3.13396813143862
380	7.64977335221676	5.20168916248836	0.000900683527571788	0.0103526842249631	380	109.450703809122	3.04542777991206
738	2.97636655850783	10.8810800562387	0.00100819607071174	0.0114567735308152	738	48.3408124472126	2.99645499949015
767	3.47485563300318	7.05847934599427	0.00106844669279866	0.0120050190202097	767	39.5841172747359	2.97124714088494
640	-2.96513792349071	9.81856896297951	0.00132148820577088	0.0146832022863431	640	398.573096292758	-2.87893670857577
245	-7.87291617303191	6.12002996997218	0.00150764456526653	0.0163874409268101	245	1138.54688187711	-2.82170103349142
486	4.41202813516595	5.64605227359179	0.00150764456526653	0.0163874409268101	486	627.862477945128	2.82170103349142
286	7.42857775930858	5.00337092622539	0.00174969979552376	0.0188139762959544	286	361.389635258442	2.75703645893174
422	-7.76647431217978	6.03101880411431	0.0021165754384061	0.0225167599830436	422	3.60098436063089	-2.67436624790831
181	3.62427719473773	5.8708984321748	0.00251672105995862	0.0264918006311433	181	0	2.599164916686
87	3.16545631949796	6.62047305472106	0.00275099982517337	0.0286562481788893	87	1006.62837042133	2.56050943720982
572	7.303807978695	4.89532578821585	0.00284365852958627	0.0290169237712885	572	0	2.54612255548799
462	-7.07016973461718	5.46199612173616	0.00284365852958627	0.0290169237712885	462	699.782481721285	-2.54612255548799
942	-7.56950897566611	5.86760123330555	0.00365260972851305	0.0368002868534694	942	0	-2.43739672850197
810	-7.00923589585203	5.41348201279677	0.00368002868534694	0.0368002868534694	810	249.698539362123	-2.43414879604406
64	3.50634376382836	5.39249032885708	0.00442948093037169	0.0438562468353633	64	2599.47094527274	2.35364716368286
502	-2.53442393967726	10.4446615628955	0.00468265964449825	0.0459084278872378	502	0	-2.32950740742998
196	-6.87905755231905	5.31065186681597	0.00481584000798488	0.0463061539229315	196	7695.28980722	-2.31732794965793
482	-6.87905755231905	5.31065186681597	0.00481584000798488	0.0463061539229315	482	9.60262496168236	-2.31732794965793
454	-2.61084654956657	8.79978642881156	0.00513149341725698	0.0488713658786379	454	12471.5523556321	-2.28975622387721
192	-7.43697725342089	5.75866029013718	0.00540410116543072	0.0505056183685114	192	1908.26892287704	-2.26727652952842
743	-7.43697725342089	5.75866029013718	0.00540410116543072	0.0505056183685114	743	2107.11915078271	-2.26727652952842
230	-2.49459968665295	9.41973666720487	0.00619841983318167	0.056455083417361	230	22.451835952991	-2.20771901133986
646	7.01632900460224	4.65746655198418	0.00637942442616179	0.056455083417361	646	166.738765940416	2.1952185030685
742	7.01632900460224	4.65746655198418	0.00637942442616179	0.056455083417361	742	0	2.1952185030685
812	7.01632900460224	4.65746655198418	0.00637942442616179	0.056455083417361	812	165.100327746412	2.1952185030685
770	-6.80928092692989	5.25601458710954	0.00637942442616179	0.056455083417361	770	0	-2.1952185030685
914	-6.80928092692989	5.25601458710954	0.00637942442616179	0.056455083417361	914	1470.47684663908	-2.1952185030685
580	-7.38994903563831	5.72021348545875	0.0066355873653167	0.0572033393561784	580	14816.2439501123	-2.17812062845506
681	-7.38994903563831	5.72021348545875	0.0066355873653167	0.0572033393561784	681	178.848889911334	-2.17812062845506
682	-7.38994903563831	5.72021348545875	0.0066355873653167	0.0572033393561784	682	0	-2.17812062845506
882	2.46638514275703	8.37019192750852	0.00763866943172517	0.065287772920728	882	2900.29729504085	2.11698228393541
125	2.58273875364766	7.50311043375256	0.00780632349123973	0.0661552838240655	125	4748.68005931047	2.10755345567463
248	-6.65870646153815	5.13933169391964	0.00856415881868297	0.0707781720552311	248	0	-2.06731528749646
916	-6.65870646153815	5.13933169391964	0.00856415881868297	0.0707781720552311	916	0	-2.06731528749646
79	4.13465462987305	4.63083019560071	0.00856415881868297	0.0707781720552311	79	0	2.06731528749646
666	-2.29404147826589	10.2664975578706	0.0100582153416039	0.0824443880459339	666	10.966796901293	-1.99747907057737
582	-2.44142432292097	8.42763507731695	0.0103027843999983	0.0837624747967344	582	5877.05981202344	-1.98704538829135
46	-6.57708401041852	5.07681944682716	0.0116671149124087	0.0925961500984814	46	279.325633344172	-1.93303652463402
663	-6.57708401041852	5.07681944682716	0.0116671149124087	0.0925961500984814	663	194.075626117037	-1.93303652463402
974	-6.57708401041852	5.07681944682716	0.0116671149124087	0.0925961500984814	974	555.023571635508	-1.93303652463402
826	2.2690753443665	8.63960385899851	0.0119945494247751	0.0944452710612214	826	2.40065624042059	1.92101606166107
8	2.52712414260528	6.82403173429129	0.0129416292872213	0.101106478806416	8	0	1.88801104469462
111	-2.49921653653141	7.55412994787909	0.0140621093839185	0.109008599875338	111	58.5721019942926	-1.85194952817229
406	2.17410382459018	9.39683970033019	0.014282239623507	0.109268306036801	406	0	1.84520368472618
524	-2.18043464702743	9.83907236862378	0.014314148090821	0.109268306036801	524	0	-1.84423449398992
465	6.65693947499099	4.38293555093715	0.0161544668017966	0.118782844130857	465	0	1.79170737183755
638	6.65693947499099	4.38293555093715	0.0161544668017966	0.118782844130857	638	52.7877265970492	1.79170737183755
890	6.65693947499099	4.38293555093715	0.0161544668017966	0.118782844130857	890	0	1.79170737183755
191	-6.49056525803856	5.01115822111578	0.0161544668017966	0.118782844130857	191	98.6477507272296	-1.79170737183755
659	-6.39852507470803	4.94201803862687	0.0161544668017966	0.118782844130857	659	22.0974376219864	-1.79170737183755
218	2.2672860482033	7.8209406585089	0.0163647690771311	0.119450869176139	218	930.573168440462	1.78609011863189
567	-2.09537751476297	10.7483283457014	0.01723328724925	0.124707432485011	567	2.40065624042059	-1.7636318729849
393	2.69234368513532	5.87051169582232	0.0174590405479016	0.124707432485011	393	1630.66901913584	1.75797962639226
53	2.50422515411714	5.91061893794393	0.0174590405479016	0.124707432485011	53	0	1.75797962639226
261	2.16356459430387	8.11887035056969	0.018929513010849	0.13425186532517	261	14.7316250813243	1.72286055874733
209	-2.98802540730446	6.20805192351706	0.0200573923766205	0.141119198381787	209	11.6488828710984	-1.69772552944406
889	-2.19255242468725	8.04855047737962	0.0201800453685956	0.141119198381787	889	12.003281202103	-1.69507786172108
20	6.43692787292452	4.22785851280949	0.022775149917287	0.154932992634606	20	87.2161330599393	1.64253875560475
490	6.43692787292452	4.22785851280949	0.022775149917287	0.154932992634606	490	14854.4140537292	1.64253875560475
314	-6.30021039854936	4.86901481784888	0.022775149917287	0.154932992634606	314	3739.04907875553	-1.64253875560475
67	3.72378614625193	4.35562678397979	0.022775149917287	0.154932992634606	67	1.2003281202103	1.64253875560475
747	-1.99208739548587	10.5959818140698	0.0232761342210288	0.157271177169113	747	4.80131248084118	-1.63308914712719
525	-2.45060985261432	6.91057676224188	0.0248185724329231	0.16656760022096	525	0	-1.6052232027863
307	1.93783677837766	10.5892538385907	0.0262307748842535	0.173931126845097	307	15466.9181686448	1.58118887971141
372	2.41553872184969	6.00657945838763	0.0262636001536097	0.173931126845097	372	2278.76607197279	1.58064574208205
719	-1.99005298814159	8.77880699785278	0.028468569058502	0.187293217490145	719	0	-1.54563436164175
741	-2.04247232677231	8.26803592751454	0.0296650155103447	0.193888990263691	741	0	-1.52775542025573
308	-1.859434294216	11.9274387081341	0.0313940053433664	0.203857177554327	308	14.7316250813243	-1.50315327214474
798	1.8291063269082	10.2750046818514	0.0351387785953197	0.226701797389159	798	2463.70031422796	1.45421333841647
875	1.77869195897115	9.9407515388328	0.0408784622554491	0.262041424714417	875	545.28381354663	1.38850544962809
319	-1.80419093443069	9.40130749920161	0.0416660528412831	0.265388871600529	319	6.00164060105148	-1.38021763970218
881	1.85663835642904	7.77414510509232	0.0434367163990851	0.274915926576488	881	2728.32103318301	1.3621430126931
711	2.32655436368215	5.40408088036416	0.0461954945699016	0.282592892364396	711	0	1.33540037896432
989	-1.7784656469501	8.9323740000578	0.046560849489831	0.282592892364396	989	49988.8590916074	-1.33197910470309
86	-1.91451420884839	7.5119399378747	0.047697156868216	0.282592892364396	86	2346.80366580157	-1.32150750761073
807	6.17722002717101	4.05773382987359	0.0482190860215054	0.282592892364396	807	0	1.31678102580383
893	6.17722002717101	4.05773382987359	0.0482190860215054	0.282592892364396	893	371.97174347035	1.31678102580383
894	6.17722002717101	4.05773382987359	0.0482190860215054	0.282592892364396	894	16.2863515325392	1.31678102580383
951	6.17722002717101	4.05773382987359	0.0482190860215054	0.282592892364396	951	0	1.31678102580383
26	-5.95727135156388	4.62188537894644	0.0482190860215054	0.282592892364396	26	24646.6470702065	-1.31678102580383
599	-5.95727135156388	4.62188537894644	0.0482190860215054	0.282592892364396	599	9072.39219571104	-1.31678102580383
676	-5.95727135156388	4.62188537894644	0.0482190860215054	0.282592892364396	676	43.5394999663714	-1.31678102580383
143	-5.82208793426806	4.5279812956506	0.0482190860215054	0.282592892364396	143	0	-1.31678102580383
264	-5.82208793426806	4.5279812956506	0.0482190860215054	0.282592892364396	264	0	-1.31678102580383
643	-1.79507650954804	8.67791587658685	0.0484633598172267	0.282592892364396	643	0	-1.31458648084025
536	1.98747043666059	6.67015471576982	0.0486059774866761	0.282592892364396	536	0	1.31331031860093
262	-1.74626167446306	9.38632290411941	0.0492058936451317	0.284427130896715	262	0	-1.30798287641423
137	1.70375168056623	9.84387820600332	0.0503273216213008	0.287787543811869	137	84.4610784885141	1.2981961817833
499	-1.88733887365578	7.49115714483604	0.0503672248320361	0.287787543811869	499	148.07846885966	-1.29785197753888
618	-1.71455230020835	9.72023305506788	0.0506506077108889	0.287787543811869	618	46.2411331533889	-1.29541533956525
246	-1.63975135712506	11.3800321700173	0.0565840798301025	0.319684066836737	246	0	-1.24730574221268
954	1.74753027392514	7.82927504650875	0.0584517330591333	0.32838052280412	954	2.40065624042059	1.23320260773806
485	1.72674201711115	7.6773974743278	0.0604511155776942	0.337715729484325	485	0	1.21859568016688
391	1.61162229049866	10.6443528123432	0.0615651362826352	0.342028534903529	391	752.780314189788	1.21066515482248
831	1.73325915180785	7.22567495350327	0.0628883148301991	0.34744925320552	831	66.4561566853597	1.20143004257072
854	-1.68429221678418	8.49246678949872	0.0665260681102281	0.365527846759495	854	568.391024777222	-1.1770081438994
601	-1.65793504651028	8.41910768765563	0.0704570256750643	0.385011069262647	601	521.87562536944	-1.15207569439593
635	-1.63091119840019	8.64852251429424	0.0709178254837468	0.38542296458558	635	26.7349062834272	-1.1492445894119
321	5.86026743453049	3.8691367031539	0.0728206605222734	0.389415296910553	321	0	1.13774538610137
712	5.86026743453049	3.8691367031539	0.0728206605222734	0.389415296910553	712	13448.1119423314	1.13774538610137
762	-5.67291546884887	4.42687816453002	0.0728206605222734	0.389415296910553	762	552.150935296736	-1.13774538610137
41	-2.27568946101445	6.14028859809288	0.0781490565908738	0.415686471228052	41	8.40229684147207	-1.10707626038121
772	-1.7531381355937	7.26434655376407	0.0798989746300436	0.422745897513458	772	2283.15956473822	-1.09745879409491
632	1.48487504876657	11.2410481123393	0.0826895938779198	0.435208388831157	632	24.3342500430067	1.08254914106116
287	-1.56929557315177	8.60265447558957	0.083710470652912	0.438274715460273	287	19.2052499233647	-1.07722021629139
804	-1.45433911334984	12.9952247871921	0.0876173468874269	0.456340348372015	804	37.2101717265192	-1.05740990168963
791	1.49559836349918	8.96763281717645	0.0888282762963951	0.460250136250752	791	0	1.05144876524922
289	1.44711883520583	10.688360326349	0.0912824574442711	0.470528131156036	289	4142.81533555086	1.03961267665162
824	1.51209605116084	7.29474590002275	0.0996317132781784	0.510931862965017	824	1644.4495246881	1.00160240144085
624	-1.49393967874781	7.99452468438056	0.109441121622741	0.552877403732918	624	25.2068905244162	-0.960819464673019
269	1.46263747232044	7.86417430370258	0.109441121622741	0.552877403732918	269	0	0.960819464673019
104	-5.50652096022563	4.31740401813513	0.113276583034648	0.552877403732918	104	1247.81419050698	-0.945859859862454
258	-5.50652096022563	4.31740401813513	0.113276583034648	0.552877403732918	258	0	-0.945859859862454
995	-5.50652096022563	4.31740401813513	0.113276583034648	0.552877403732918	995	0	-0.945859859862454
188	-5.31840242920744	4.19807866026313	0.113276583034648	0.552877403732918	188	2131.07587146869	-0.945859859862454
222	-5.31840242920744	4.19807866026313	0.113276583034648	0.552877403732918	222	22284.8306273451	-0.945859859862454
458	-5.31840242920744	4.19807866026313	0.113276583034648	0.552877403732918	458	1060.26202680758	-0.945859859862454
515	-5.31840242920744	4.19807866026313	0.113276583034648	0.552877403732918	515	0	-0.945859859862454
91	-1.36996503242579	10.1807194887796	0.113339867765248	0.552877403732918	91	44603.687906337	-0.945617298389922
243	1.34232102700429	10.412048340486	0.117522458420917	0.570497370975327	243	25.016336012812	0.92987913223251
413	1.67162447063563	6.28551178964777	0.119544814021832	0.574734682797267	413	32.2183047340738	0.922469259285165
468	1.67162447063563	6.28551178964777	0.119544814021832	0.574734682797267	468	0	0.922469259285165
829	1.30747658720338	11.4909110197881	0.124201167819868	0.591464905616289	829	56.5792654692843	0.905874320622079
908	1.4652089194474	6.78012496052839	0.124346070495978	0.591464905616289	908	11654.9784152242	0.905367934470266
373	1.33059692133484	9.28923548384796	0.124799095085037	0.591464905616289	373	0	0.903788563700068
228	-1.36250721154224	8.49672600478251	0.12854320644264	0.606335879446417	228	18183.5564489322	-0.890950871043193
614	1.29656585492831	10.0367040572959	0.132527322906782	0.622194004257195	614	565.826524717401	0.877694574826446
478	-1.25349299731317	10.4921959376804	0.144930737109169	0.677246435089577	478	0	-0.838839498992115
174	1.42623248828603	6.36952704073449	0.150760197329609	0.701210220137715	174	21.9335938025861	0.821713302775204
379	-1.36660522360021	7.42386288265036	0.158247138146965	0.732625639569281	379	857.513417260857	-0.800664135327794
843	-1.18371214685595	10.5442916447662	0.167603829980467	0.772367880094319	843	49.0228984170179	-0.775716061359813
2	-1.1609978898361	12.5427887997467	0.170138048495732	0.780449763741888	2	238.106657541609	-0.769198552913483
136	2.29349828453613	4.57831350899504	0.178361203131312	0.78260802682788	136	0	0.74869960678931
36	1.89901533898806	4.67658944492338	0.178361203131312	0.78260802682788	36	3414.0236854344	0.74869960678931
964	-1.14907255730596	10.4807526357466	0.179227201098714	0.78260802682788	964	2110.66313409276	-0.746596077315726
49	5.45348449615595	3.65726880170902	0.182347670250896	0.78260802682788	49	8.40229684147207	0.739099781040321
273	5.45348449615595	3.65726880170902	0.182347670250896	0.78260802682788	273	3620.09901308736	0.739099781040321
387	5.45348449615595	3.65726880170902	0.182347670250896	0.78260802682788	387	0	0.739099781040321
865	5.45348449615595	3.65726880170902	0.182347670250896	0.78260802682788	865	1127.20255561879	0.739099781040321
970	5.45348449615595	3.65726880170902	0.182347670250896	0.78260802682788	970	4.28307033043622	0.739099781040321
33	-5.10202339562643	4.06699562455946	0.182347670250896	0.78260802682788	33	0	-0.739099781040321
569	-5.10202339562643	4.06699562455946	0.182347670250896	0.78260802682788	569	341.632273160114	-0.739099781040321
726	-5.10202339562643	4.06699562455946	0.182347670250896	0.78260802682788	726	491.215626752758	-0.739099781040321
996	-5.10202339562643	4.06699562455946	0.182347670250896	0.78260802682788	996	655.599998504807	-0.739099781040321
323	2.74034276948335	3.84093569572173	0.182347670250896	0.78260802682788	323	0	0.739099781040321
324	2.74034276948335	3.84093569572173	0.182347670250896	0.78260802682788	324	0	0.739099781040321
427	2.74034276948335	3.84093569572173	0.182347670250896	0.78260802682788	427	534.751547052953	0.739099781040321
279	-1.14851287842058	9.64952277184142	0.184275952469089	0.787504070380723	279	0	-0.734531335379878
342	1.24456463552605	7.31118276798072	0.187918897062609	0.799654881117486	342	0	0.726029545192926
84	1.09730388157355	12.5563047539716	0.193858012036891	0.821432254393608	84	74.4203434530383	0.712516245151973
844	-1.09054335758316	11.5789537318351	0.197727960268876	0.834295191007914	844	0	-0.703931913731911
426	1.11582457096399	8.98975982554279	0.201403654023846	0.846233840436326	426	0	0.695932654398105
216	1.08322560464156	9.73480607370222	0.205789991168479	0.861045988152632	216	0	0.686575751468646
474	1.11968580535782	8.527315294434	0.208103447637452	0.867097698489383	474	1376.96167569767	0.681720724797896
194	1.05376728692173	12.0142812238736	0.212594085705437	0.877601848331881	194	2443.05076028837	0.67244882156823
600	1.1268562360959	7.66895025924627	0.212989403763915	0.877601848331881	600	7929.46779276218	0.671642002201314
88	-1.52968160110782	5.93820910801696	0.213257249144647	0.877601848331881	88	1371.10074789	-0.671096197159223
962	1.04063569060695	10.9296142195389	0.219541880006786	0.892951479079416	962	0	0.658482621112362
141	2.26154945535368	4.17293919671853	0.220430107526882	0.892951479079416	141	50.4137810488324	0.656729087498181
154	2.26154945535368	4.17293919671853	0.220430107526882	0.892951479079416	154	2639.75669987713	0.656729087498181
664	1.1118924412643	7.57723653919318	0.220559015332616	0.892951479079416	664	0	0.656475185769557
739	1.01538473938729	12.6855909520887	0.228433671707378	0.921103514949106	739	21.6059061637853	0.641239879590411
808	1.06282562339747	7.62911106830013	0.23909717100426	0.960229602426748	808	0	0.621425562422525
81	1.20939663837951	6.37942713611497	0.242925528908692	0.97170211563477	81	0	0.614526843031069
797	-0.989155503334357	10.3620542618385	0.24844752169716	0.989830763733704	797	3.08274221022592	-0.604765331052142
346	0.975930235780654	9.77981969374124	0.253054247630909	1	346	26.7349062834272	0.596786368463146
229	0.989733434962011	8.929132036667	0.256128854721968	1	229	344.989281624733	0.591541492438938
965	-0.963168688757595	10.0915827681013	0.262619082677528	1	965	0	-0.580673719981322
281	0.948390047879375	11.2208770480081	0.26274606894338	1	281	0	0.580463772917111
316	-0.933891844825305	12.4253556987216	0.267921556416374	1	316	0	-0.571992342546871
781	-0.951486381556129	9.24125784088765	0.27624716019145	1	781	0	-0.55870217781189
553	0.933264407304589	9.7168822611412	0.277978212613295	1	553	9.60262496168236	0.555989241897116
952	-0.923200832293947	9.61698012217536	0.282415934704701	1	952	0	-0.549110802807607
725	-0.904828354093672	10.5558844271882	0.287913710272838	1	725	0	-0.540737653794837
101	-0.893916817266885	11.353819368994	0.290195531418919	1	101	290.185587476649	-0.537309279338142
751	0.911425550720951	9.44150930679014	0.290598324082629	1	751	644.907467857907	0.536706894662104
163	0.921954004077195	8.5288630301129	0.29092527603432	1	163	0	0.536218544942848
311	0.895199067140667	9.58726482102615	0.296145075917058	1	311	12.003281202103	0.528495484092863
879	0.96750483839254	7.07072897316269	0.298434289058091	1	879	0	0.525151279412531
361	4.88489076572745	3.41510517992708	0.305555555555556	1	361	0	0.514909815609062
386	4.88489076572745	3.41510517992708	0.305555555555556	1	386	530.545029132951	0.514909815609062
760	4.88489076572745	3.41510517992708	0.305555555555556	1	760	0	0.514909815609062
157	-4.84736584486035	3.92164168457755	0.305555555555556	1	157	239.333696354023	-0.514909815609062
333	-4.84736584486035	3.92164168457755	0.305555555555556	1	333	0	-0.514909815609062
505	-4.84736584486035	3.92164168457755	0.305555555555556	1	505	0	-0.514909815609062
736	-4.84736584486035	3.92164168457755	0.305555555555556	1	736	46.2411331533889	-0.514909815609062
148	-4.53791253393646	3.75860955240091	0.305555555555556	1	148	9.24822663067777	-0.514909815609062
527	-4.53791253393646	3.75860955240091	0.305555555555556	1	527	21.4153516521811	-0.514909815609062
610	-4.53791253393646	3.75860955240091	0.305555555555556	1	610	0	-0.514909815609062
620	-4.53791253393646	3.75860955240091	0.305555555555556	1	620	1607.96081525934	-0.514909815609062
848	-4.53791253393646	3.75860955240091	0.305555555555556	1	848	0	-0.514909815609062
343	0.965455615314917	7.21146284414732	0.305845008466015	1	343	0	0.514498602997978
594	0.864658007752685	10.6361331884607	0.308910362612795	1	594	783.684288702481	0.510167522743971
164	-2.0243599377543	4.73291353710609	0.30944349669148	1	164	145.239702545446	-0.509418640069834
217	-1.11380760266998	5.92164071593804	0.314148369035584	1	217	2391.50439116845	-0.502865190669305
603	-0.945759748605294	7.73805804674657	0.319068405108298	1	603	2580.90509893331	-0.496116198521835
168	-1.32455343703878	5.79403725913942	0.322241149360847	1	168	138.723399460167	-0.491819002094129
707	-1.26836648632905	5.75527796036045	0.322241149360847	1	707	1135.19703274485	-0.491819002094129
383	-0.817407788182305	11.8111890739142	0.332529297697821	1	383	1323.97981492284	-0.47817008489333
405	0.837060636184858	8.94537088561247	0.333670548627553	1	405	36.9929065227111	0.47668212457985
745	-0.837488701386995	9.59336828801513	0.335912742351942	1	745	367.357405834935	-0.473773521528467
292	0.810122465652414	10.1726403901126	0.340130960403948	1	292	0	0.468353834634123
836	-1.28247274423221	5.42407015885485	0.344588403616082	1	836	1659.92216342703	-0.462699341891724
740	0.800885822081417	10.3416485609243	0.34557466821626	1	740	240.453892397622	0.461458100270421
96	0.791820411155034	9.97184842426898	0.353147975757016	1	96	295.280717571733	0.452043278780158
203	0.773278136893164	10.0471501574633	0.364740927898683	1	203	1156.8902303176	0.438015501388013
23	-0.84163197200301	7.7290577682193	0.36549746008913	1	23	0	-0.437115636690001
753	-0.84163197200301	7.7290577682193	0.36549746008913	1	753	0	-0.437115636690001
650	0.809021809944208	8.41930146914638	0.368348414678527	1	650	1822.09808647923	0.433741194949451
898	-0.751949507192591	11.0707622816904	0.373849516392724	1	898	3753.23217132806	-0.427303176815101
1000	0.87199807779011	6.90157408286193	0.378371244796086	1	1000	1049.28807057393	0.422081876236708
274	1.32985418231065	4.65123067846615	0.382150475519521	1	274	463.109389197366	0.417765595675041
297	-0.748239938796676	10.056498992285	0.382351581849386	1	297	3812.08211924293	-0.417537108725899
575	-0.724070427577776	12.8401166247279	0.388410784373789	1	575	0	-0.41070872024445
956	-0.806736328333758	7.37392744165534	0.390300100040609	1	956	0	-0.408601337401614
818	0.715793682356458	10.8085448663201	0.397299778671303	1	818	108.029530818927	0.400881676882364
814	-0.748708800740419	8.56266910456999	0.399353527720967	1	814	108.029530818927	-0.398642474839916
520	-1.88917652045848	4.64565425560883	0.412511631513648	1	520	0	-0.384563801220784
758	-1.74000405503929	4.55215687308899	0.412511631513648	1	758	0	-0.384563801220784
233	-0.702754492874526	9.10128088632766	0.421733959433754	1	233	0	-0.3749614267279
988	0.745794786473142	7.39097046869208	0.422938411649631	1	988	1554.78482030673	0.373722870043648
571	0.67038021056983	12.1295971822581	0.424736699612171	1	571	3867.45197062243	0.371880211930326
677	0.68705629810785	8.42874969445632	0.434506882638922	1	677	0	0.36200333988636
5	0.825925242773497	6.46524100431836	0.438951461008953	1	5	1126.65760277618	0.357583501127913
523	0.660678738346929	9.62446646852594	0.443028235821716	1	523	772.560807314142	0.353568593707443
817	-0.658515946101751	10.0114373801796	0.443982900198176	1	817	0	-0.352633756220027
907	-0.687394288011945	8.24462094956396	0.447877232817158	1	907	0	-0.348841013717815
202	0.628877076515777	14.4436808779919	0.45221059547494	1	202	16.8045936829441	0.344659266178206
142	1.85476651697914	4.0022453673287	0.45863201911589	1	142	10570.0313197088	0.338535628542135
438	-0.854099756916465	5.97378237282382	0.466686686490943	1	438	5482.13919483851	-0.330974588371306
106	-0.600442042705468	10.9087638198573	0.478969304317861	1	106	14124.5539759246	-0.319692318302624
39	-0.59046381701823	12.9730144640328	0.481057877129492	1	39	0	-0.317802669559974
74	-0.575163189576358	10.611411631579	0.496595743693388	1	74	651.427350609363	-0.303997007089945
551	-0.569704642698014	10.7876311941629	0.500047858128217	1	551	0	-0.300988428611273
507	0.569622074743759	9.92969757501825	0.504155158811831	1	507	12.3309688409037	0.297435784495771
221	-0.557401204641978	11.0528446322063	0.507988727669253	1	221	0	-0.294145924655761
240	0.557907439507749	10.4274004616457	0.509595762512771	1	240	10.4485547508881	0.292774191985446
872	0.552321303540596	11.0677887070101	0.512513766836191	1	872	10.4485547508881	0.290294464358666
1	0.544963313034779	10.7038596815726	0.518741384469454	1	1	0	0.285049103211796
789	-0.531276767044898	10.0512549069543	0.534512306141998	1	789	0	-0.272042291525289
730	-0.526083948387905	10.3014093532378	0.536264030034929	1	730	0	-0.270621332407139
44	-4.1434295883884	3.57311764399425	0.537037037037037	1	44	0	-0.269995761924013
94	-4.1434295883884	3.57311764399425	0.537037037037037	1	94	0	-0.269995761924013
414	-4.1434295883884	3.57311764399425	0.537037037037037	1	414	838.505881181451	-0.269995761924013
504	-4.1434295883884	3.57311764399425	0.537037037037037	1	504	67.6831954977738	-0.269995761924013
856	-4.1434295883884	3.57311764399425	0.537037037037037	1	856	0	-0.269995761924013
43	0.858817597963565	4.82848557803537	0.542580328250665	1	43	6.00164060105148	0.265535956035272
469	-0.510040969112894	12.0070170745394	0.54364577909371	1	469	0	-0.264683979513733
801	0.509438953305811	10.065291208568	0.5468557341313	1	801	0	0.262127229670824
155	-0.507618947921398	11.2743091813343	0.547017700018173	1	155	0	-0.261998620840509
158	-0.503894395861501	11.4207375351624	0.550001629992569	1	158	0	-0.259636023422612
151	-0.493368339471984	11.1622388810313	0.557846528821282	1	151	1.2003281202103	-0.253485264957764
833	-0.492922988937975	11.3294406639976	0.558759186203566	1	833	26.7349062834272	-0.252775323842604
562	-0.483374785886479	13.3483133906985	0.563429539751693	1	562	0	-0.249160387355837
161	-0.486867300721809	11.2044017212499	0.563440372116352	1	161	0	-0.249152037791884
899	0.539359579291575	7.94421964875421	0.564090095546565	1	899	162.074586586771	0.248651525673004
941	0.487986165343338	10.581472255697	0.565353711913089	1	941	149.061531776062	0.247679752060948
936	0.488380928996649	9.82016200764227	0.566813741682662	1	936	0	0.24655962937622
521	-0.481039880876791	11.2586538515575	0.568669962165177	1	521	5151.81572488319	-0.245139711101515
118	0.475480798540733	12.213555953589	0.570707598723298	1	118	883.402393755079	0.24358634497053
563	-0.5077086829959	8.56224275031034	0.571204482890438	1	563	0	-0.24320839281637
183	-0.503859404687785	9.06140663245489	0.572512963279815	1	183	940.469611016387	-0.242214675246323
887	0.487709862050185	8.43085027337614	0.582855578941199	1	887	781.996008790247	0.234439042220169
144	0.587276947324183	6.49765567686017	0.583518857482513	1	144	0	0.233945104368801
299	0.459764460350516	11.8967576996275	0.584016880616516	1	299	0	0.233574599715252
441	0.453768460400938	13.7477801667552	0.58715282526275	1	441	1849.32287119189	0.23124884503867
123	0.454035462233426	12.5211340246609	0.587812403548178	1	123	2712.50308208265	0.230761254031192
456	0.930406912698897	5.00757390757398	0.588181502776975	1	456	0	0.23048863737435
37	0.459803966002435	9.84937627607494	0.589145702741405	1	37	3.08274221022592	0.22977728573708
498	-0.438032049009835	10.658724339692	0.60412225667782	1	498	74.0392344298299	-0.218875163981993
225	-0.442402750925717	10.1540212021106	0.60516978509452	1	225	0	-0.218122763554167
331	0.534174758175833	6.16206971438979	0.608340826424591	1	331	0	0.215853036576795
175	-0.485767379010351	7.31108723261156	0.614582433067723	1	175	59.6352969873063	-0.211419857569367
205	-0.415818930762617	15.4452528360585	0.618294397334297	1	205	0	-0.208804688836436
534	-0.788024703121418	4.66964437315028	0.618647901157982	1	534	6.16548442045185	-0.208556456135
70	-0.45092596900371	8.27873230815212	0.62121204620053	1	70	0	-0.206760131263354
529	-0.684396535873821	6.0568267851808	0.626071614214789	1	529	0	-0.203375986470985
470	-0.49825873340757	7.24928743304081	0.63216061800421	1	470	1417.58750996836	-0.199172563093395
506	-0.412090486036579	10.1637329964257	0.632565662530848	1	506	2877.50014672642	-0.198894386524179
560	0.401121266612644	12.0436121671571	0.632574453105772	1	560	2.40065624042059	0.198888351306206
356	-0.484331885106288	6.38719892670409	0.641345615901186	1	356	0	-0.192907869657635
186	-0.383465585337824	13.716366769784	0.6463137623166	1	186	0	-0.189556596306133
52	0.382451866815997	12.5121812579409	0.647930885309419	1	52	0	0.18847131778618
105	-0.376986449780886	13.6076937894126	0.651939588891474	1	105	0	-0.18579264571994
28	0.376219367792508	10.3151011410663	0.657052340014624	1	28	7756.84138832188	0.182400033675914
628	-0.371087112825698	9.72367560369996	0.663772252124228	1	628	69.3750550761852	-0.177980906493864
449	-0.362189766166891	16.7039085904691	0.664043200672634	1	449	633.212322934755	-0.177803665807536
83	-0.363024049152457	12.6238827028261	0.664770331107849	1	83	6000.35518176777	-0.177328371479771
475	0.3773078684358	8.88250263840083	0.666392289315174	1	475	0	0.176270036702177
198	0.366998522064814	10.2880102775741	0.666650436657332	1	198	0	0.176101832089625
537	-1.07238058583643	4.83790342445416	0.666686440740794	1	537	0	-0.176078377589802
189	-0.362690314782162	11.163999147891	0.668486623405763	1	189	0	-0.17490727866256
976	0.500184145956132	6.45771256855394	0.669334429960175	1	976	154.78890612272	0.174356834704954
133	-0.527881396578274	5.95770500653649	0.670388680706258	1	133	43.1583909431629	-0.173673327236241
34	-0.364327306033177	10.2658243093823	0.672187017629785	1	34	0	-0.172509879587745
459	1.28617278655064	3.81311770687653	0.675179211469534	1	459	0	0.170580937950909
510	1.28617278655064	3.81311770687653	0.675179211469534	1	510	3576.57548481466	0.170580937950909
241	-0.345621689792326	11.261064192842	0.682959733131533	1	241	0	-0.16560490128816
653	0.360435528563799	8.82219520457712	0.683914301427437	1	653	0	0.164998314579474
126	0.353383187884534	9.1240384177143	0.688778377162092	1	126	6.16548442045185	0.16192049515862
621	0.337170710872352	11.0929012391639	0.68953167046052	1	621	9.24822663067777	0.161445781713848
389	-0.332514499122517	12.4140019563361	0.691670235468641	1	389	0	-0.160100912842145
443	-0.336367394068241	10.7363910804437	0.692575168775642	1	443	5446.33422440851	-0.159533083472435
55	-0.336469223147916	10.3146103544292	0.693748871606224	1	55	965.063808649077	-0.158797710255702
182	0.339666277905941	9.15854904103832	0.694702956850328	1	182	1611.90903861862	0.158200852642776
424	-0.32609758943194	11.9527682788482	0.697979972219793	1	424	0	-0.156157038808381
940	-0.324696393224014	12.54485889209	0.698418308970561	1	940	63.8916566255387	-0.155884384164086
680	-0.349425623914358	9.10488787151145	0.698480247919808	1	680	0	-0.15584587063888
440	0.324968920840342	11.4322924258644	0.699542841919226	1	440	0	0.155185682974354
150	0.319163480033583	13.9171381806369	0.702281495851732	1	150	0	0.153488774493234
206	0.670699066945382	4.90864410266462	0.703664996707241	1	206	0	0.152634052091813
472	0.504304558322138	4.9840419345044	0.703664996707241	1	472	3.08274221022592	0.152634052091813
900	0.340512093807977	8.64563725078752	0.706312413059582	1	900	0	0.151003161190559
994	-0.327654821235647	9.07381264537231	0.710774915833043	1	994	0	-0.1482679074108
421	0.309115136653359	13.494372135054	0.711399365971059	1	421	1863.20498681784	0.147886526211516
310	-0.312733394669139	10.1513962630356	0.711586957430707	1	310	1.2003281202103	-0.147772020632778
822	-0.325807536689838	9.18040469343419	0.713763087943114	1	822	0	-0.146445915216343
623	0.329382760423294	8.59016761233827	0.720771854424504	1	623	0	0.142202180556717
774	-0.299360444334268	11.7287150570459	0.723103258151217	1	774	495.171009444394	-0.140799681622108
556	0.525763746563683	5.68697948522041	0.72507926961992	1	556	688.975948973215	0.139614511392307
107	-0.294431036321625	11.0482575360933	0.728556792178452	1	107	0	-0.137536588618257
146	0.289024120844065	11.8696852580407	0.730986803523349	1	146	0	0.13609046327295
253	-0.307852940572562	8.47180682095629	0.735571507890451	1	253	0	-0.13337510135566
213	0.290852891862844	9.1534532490669	0.73718203047173	1	213	1.2003281202103	0.132425259673915
949	-0.291102827643936	9.41368425480026	0.739511782201947	1	949	1.2003281202103	-0.131054902255963
180	0.282053480946588	9.56300544972473	0.739649802972938	1	180	0	0.130973854100029
963	0.29236972998376	9.03456622396598	0.744576977512624	1	963	80.8600941278832	0.128090396392947
832	-1.16911198181685	4.22359277474112	0.744783666154633	1	832	3.60098436063089	-0.127969856431516
793	0.288852346083603	8.38659520438618	0.753779080229786	1	793	0	0.122755919774235
792	-0.268738093222365	10.0912064029827	0.755279177759652	1	792	0	-0.121892488172865
799	-0.269482283427243	9.74806205481974	0.757158699384648	1	799	0	-0.12081308345432
973	-0.26007290121779	11.2973318153331	0.758336556995636	1	973	0	-0.120138007551885
345	-0.254752757287772	12.3336895448433	0.76146353746534	1	345	37.7017031847203	-0.118350887937568
92	0.260203528423342	9.30332446469331	0.76179608709549	1	92	0	0.118161262388122
617	-0.258861515433516	10.4493687260233	0.763885690082644	1	617	11537.3677374407	-0.116971625561212
874	-0.250573593927698	13.9182559395007	0.764148716270492	1	874	46.8127966882015	-0.116822112143671
906	-0.39110500028633	6.04233034054881	0.77075306076241	1	906	0	-0.113084741957165
991	0.245888825841771	10.9604574308255	0.771542209657047	1	991	3953.08143384381	0.11264030949754
352	0.241500278798605	10.8558103063482	0.774007977257412	1	352	0	0.111254563269276
100	-0.2495063820927	8.01660463429003	0.779071800970645	1	100	513.476908194145	-0.108422514948275
139	0.235191956685322	10.6747702606491	0.782055044982852	1	139	10.4485547508881	0.106762678025847
550	0.230642220972847	10.2462556299392	0.784689000025627	1	550	0	0.105302435401035
901	-0.227833973397117	12.9465346773408	0.785535781737252	1	901	0	-0.104834027737806
972	0.233103005261557	9.04764066426782	0.793327065826733	1	972	0	0.100547728697962
828	-0.218809805093287	12.042572200346	0.794778163823146	1	828	0	-0.0997540734462025
365	0.218553871240612	11.4926600354583	0.795701042730094	1	365	0	0.0992500728153449
754	0.277063826067187	6.6535006531727	0.800459807541515	1	754	3.08274221022592	0.0966604698673033
349	-0.224052819030663	9.62844370656131	0.801081400318444	1	349	0	-0.096323351689836
82	-0.21115444603655	11.2783733278359	0.802788947866424	1	82	0	-0.0953986151502538
967	-0.211886351638639	9.64588931317599	0.809857969893689	1	967	0	-0.0915911395163942
768	0.200256092333252	12.2083367657474	0.811515906833448	1	768	0	0.090702962982192
710	0.236335302872099	7.82636814750074	0.818718175826682	1	710	52.1056406272438	0.0868655680157052
802	0.195279488587855	10.5058597791299	0.819271443590778	1	802	0	0.0865721825836471
401	-0.193105283251345	10.8707384480853	0.81989606653157	1	401	2760.74063142722	-0.0862411971194874
627	-0.188088761519394	12.0643012068393	0.823209336953915	1	627	13755.1789495096	-0.0844897123897357
284	-0.190157181661997	10.1603505728039	0.825298748143641	1	284	0	-0.0833888136507667
722	0.18352348931603	12.2336763737619	0.82705256274299	1	722	1694.96491581061	0.0824668882904769
11	-0.177669078800397	13.4592551082317	0.831773833579756	1	11	985.236149795172	-0.079994746042097
466	-0.188696642687434	10.1000968519664	0.831970458463897	1	466	591.060125934021	-0.0798920943269347
103	-0.176191103180901	12.9114599728791	0.833480131496355	1	103	25.534578163217	-0.0791047484266688
845	-0.193407189913557	7.78223291805099	0.83432764627733	1	845	0	-0.0786633653976454
497	0.202657702174841	7.27642484907984	0.83648861459249	1	497	0	0.0775399658232915
108	-0.503786855407933	4.93749859624945	0.840434998226976	1	108	106742.238487571	-0.0754958705683568
604	0.16856740779105	11.1637617908018	0.841428270104722	1	604	0	0.0749829007523097
160	-0.166325273862157	15.6095609274644	0.84185823470349	1	160	2.40065624042059	-0.074761035661386
282	0.161396895943617	11.3363660278222	0.848916840778554	1	282	654.178825514611	0.0711348508159566
114	-0.158761376259236	13.8557451519196	0.849328901287575	1	114	0	-0.070924097325626
201	0.161698793250057	11.0606525093932	0.84940977131988	1	201	417.470209937171	0.0708827473412232
759	-0.164723097480966	9.23786221795294	0.852081878093234	1	759	45.0675157253824	-0.0695186710835918
444	-0.158963219960292	9.95713903389872	0.856612484418673	1	444	28.0990782230379	-0.0672156004103467
538	-0.151416880001882	11.5547612191863	0.857663923343514	1	538	0	-0.0666828576410833
315	-0.137076693541338	13.3688567345507	0.869955784796433	1	315	8.40229684147207	-0.0605028196881574
811	0.151787552593269	8.50231893252388	0.870984314812919	1	811	8.56614066087244	0.0599896659470255
113	0.139176681504106	10.5271431578212	0.871416747551993	1	113	0	0.0597740977173144
542	-0.15270472683681	8.97538287059847	0.874377780545269	1	542	0	-0.0583008870935644
210	-0.127314514776099	13.5096977647813	0.879113713333989	1	210	28.8078748850471	-0.0559549453137665
766	0.141076792926936	8.76315461363678	0.879742188173338	1	766	0	0.055644580870464
296	0.124489394365718	11.8759438347563	0.882857003278689	1	296	0	0.0541096335867841
858	-0.123548230269128	12.2634375026519	0.883534744047774	1	858	21.5791954715815	-0.053776367660849
242	-0.121452799058246	12.9545298286954	0.884952827291936	1	242	1088.41094674885	-0.0530798788985902
713	-0.197960043216843	7.06803433517918	0.885131612194977	1	713	0	-0.0529921482848746
672	-0.127083338202066	9.6468703748884	0.887921720478888	1	672	80.8600941278832	-0.0516253201026909
223	-0.118758126705896	11.8251456156846	0.888585100955814	1	223	4102.68433879631	-0.0513009729170271
353	-0.117768962316887	11.4098478152196	0.889024548334574	1	353	141.394742288803	-0.051086246837377
212	0.115258644240077	14.1507564697233	0.890256128190383	1	212	0	0.0504850281225575
89	0.25841440028297	5.50680478373999	0.892061725888558	1	89	26.2166641330223	0.0496050937345136
658	-0.110625363850147	13.7715423748008	0.89481931212875	1	658	1.2003281202103	-0.0482646514636033
35	-0.109298965572922	13.1919291061493	0.896329706199918	1	35	373.499759229361	-0.0475322099309623
40	-0.110771485112961	11.4695203699867	0.897229042617649	1	40	469.17161051518	-0.0470966770814403
166	0.105051318693832	14.5894084575098	0.899853993359751	1	166	748.81419249962	0.0458279516964721
625	-0.102334691326474	12.7799366746521	0.903187417544245	1	625	0	-0.0442221212703855
156	0.116070999805889	9.10562057426545	0.904581849668311	1	156	1419.1262647259	0.0435521305719465
27	-0.104632409268624	9.71390391965406	0.905542010241664	1	27	538.947325974423	-0.0430913969314564
455	0.270712346127126	5.66687199464614	0.906906796847515	1	455	0	0.0424373432537952
639	-0.0960446005381182	11.9239721511322	0.909961079282879	1	639	1532.27763633212	-0.0409771828593018
773	-0.0970125073384437	10.6176295376578	0.912396428660996	1	773	25.2068905244162	-0.0398164233250886
38	-0.0999830002856321	9.23364215399223	0.912425436639749	1	38	0	-0.0398026159443856
570	-0.0925885566080819	10.4477626211154	0.912818816133176	1	570	302.108736602141	-0.0396154162907778
691	0.101985041783566	9.39379088619348	0.913785049944973	1	691	212.598790070596	0.0391559515325732
145	-0.0901899303658903	13.8593687241917	0.914208085629434	1	145	57.8900160244872	-0.0389549419520509
85	-0.0977570735629383	9.96177915774094	0.91525669245543	1	85	0	-0.0384570868268331
32	0.0911078580419789	10.9323483766716	0.915951674226878	1	32	0	0.0381274391817632
619	0.115173890282909	8.54411521636383	0.915985957765547	1	619	0	0.0381111840959939
718	0.0797990319911605	11.7820162958052	0.926223839892579	1	718	18.4964532613555	0.033284044978326
124	0.107852401636034	8.15568883325589	0.92690362557402	1	124	0	0.0329654190995661
285	0.0706597061134746	10.377222007947	0.936421362059975	1	285	0	0.0285286875438155
109	0.101787230949168	7.43286915013805	0.940617646696137	1	109	0	0.0265868778216363
684	-0.0610149217723399	9.97888461749208	0.947584857831519	1	684	2.40065624042059	-0.0233818878107727
6	-0.0553151346888575	10.0376022318955	0.95462635486187	1	6	0	-0.0201665800126351
445	-0.0561282531633162	9.22543961887663	0.956015413610315	1	445	0	-0.019535105640278
734	0.116412700431288	6.89065316949418	0.956790628269263	1	734	149.770328438071	0.0191830872340906
755	-0.0595063387617518	9.34365239263286	0.959374921256463	1	755	1604.33835290165	-0.0180116384887236
317	-0.0389289552564367	13.7866550363151	0.963150060728329	1	317	159.944616934566	-0.0163060436447815
167	0.0382750560505814	13.1482674413515	0.963923938027493	1	167	0	0.0159572343525792
573	0.0368621299282639	13.2425564869433	0.965237394426708	1	573	0	0.0153658613606544
960	-0.0342966558101318	11.4461496734388	0.969562453960254	1	960	1362.29586402825	-0.0134242107866982
605	0.0346113073027486	10.7000844201463	0.97134206523832	1	605	0	0.0126278031665007
12	-0.0294791707830588	14.2905864179551	0.972061602358347	1	12	3.60098436063089	-0.0123062117027798
888	0.0293208053688636	9.85824447919982	0.977207358351071	1	888	6.00164060105148	0.010013271457878
348	0.0276464175796232	9.88728058755906	0.977667545989118	1	348	1135.25045412926	0.0098088011308081
374	-0.0213962303377785	12.5525390790574	0.980501197389252	1	374	975.145573041466	-0.00855187163492503
541	0.0263501779725976	9.47006523796708	0.985102374141768	1	541	0	0.0065186342591816
665	0.0171423434127205	10.7350702593252	0.987562042043213	1	665	588.803762153152	0.0054356109717582
371	0.0135137225897724	12.9224861589753	0.987700310186768	1	371	8.56614066087244	0.00537480984141818
586	-0.0104289108316692	13.1609351096886	0.990649017252179	1	586	0	-0.00408018695777428
220	-0.00381186026114929	11.7401755342322	0.996895261559191	1	220	264.072186446265	-0.0013504682844902
771	0.351461100529517	4.50144645733592	1	1	771	0	2.41081866638322e-16
54	1.21976968713699	3.38641174877289	1	1	54	0	1.92865493310657e-16
226	1.21976968713699	3.38641174877289	1	1	226	8.40229684147207	1.92865493310657e-16
728	1.21976968713699	3.38641174877289	1	1	728	0	1.92865493310657e-16
850	1.21976968713699	3.38641174877289	1	1	850	0	1.92865493310657e-16
359	0.0970475123983511	6.04537086223146	1	1	359	0	1.44649119982993e-16
215	0.353746474304866	4.80428683914086	1	1	215	0	4.82163733276644e-17
47	-0.221778588613631	5.58164491962945	1	1	47	15.0860234123289	-4.82163733276644e-17
207	-0.122990371378355	5.30551337765731	1	1	207	2437.29309558333	-4.82163733276644e-17
16	3.93291141380958	3.13175616119283	1	1	16	0	0
251	3.93291141380958	3.13175616119283	1	1	251	790.074197659095	0
355	3.93291141380958	3.13175616119283	1	1	355	887.701435779187	0
398	3.93291141380958	3.13175616119283	1	1	398	100.637007586061	0
433	3.93291141380958	3.13175616119283	1	1	433	0	0
557	3.93291141380958	3.13175616119283	1	1	557	4.80131248084118	0
558	3.93291141380958	3.13175616119283	1	1	558	0	0
611	3.93291141380958	3.13175616119283	1	1	611	56.38871095768	0
14	-3.59871797917681	3.35815702961337	1	1	14	0	0
62	-3.59871797917681	3.35815702961337	1	1	62	0	0
127	-3.59871797917681	3.35815702961337	1	1	127	0	0
138	-3.59871797917681	3.35815702961337	1	1	138	0	0
178	-3.59871797917681	3.35815702961337	1	1	178	16.9684375023445	0
366	-3.59871797917681	3.35815702961337	1	1	366	0	0
451	-3.59871797917681	3.35815702961337	1	1	451	107.922688050111	0
494	-3.59871797917681	3.35815702961337	1	1	494	19.3690937427651	0
654	-3.59871797917681	3.35815702961337	1	1	654	2999.57563699069	0
776	-3.59871797917681	3.35815702961337	1	1	776	6.68372657085681	0
45	-2.7131417266726	3.10285341751872	1	1	45	0	0
60	-2.7131417266726	3.10285341751872	1	1	60	702.610509036967	0
68	-2.7131417266726	3.10285341751872	1	1	68	494.759610062804	0
77	-2.7131417266726	3.10285341751872	1	1	77	0	0
147	-2.7131417266726	3.10285341751872	1	1	147	0	0
338	-2.7131417266726	3.10285341751872	1	1	338	108.029530818927	0
402	-2.7131417266726	3.10285341751872	1	1	402	0	0
410	-2.7131417266726	3.10285341751872	1	1	410	104.428546458296	0
411	-2.7131417266726	3.10285341751872	1	1	411	0	0
473	-2.7131417266726	3.10285341751872	1	1	473	101.730492937456	0
566	-2.7131417266726	3.10285341751872	1	1	566	1210.49359634547	0
642	-2.7131417266726	3.10285341751872	1	1	642	1753.83441508532	0
671	-2.7131417266726	3.10285341751872	1	1	671	6.68372657085681	0
784	-2.7131417266726	3.10285341751872	1	1	784	845.373002931558	0
655	-0.605001120126878	3.94816420678415	1	1	655	0	0
656	-0.605001120126878	3.94816420678415	1	1	656	0	0
122	0.346978231790993	4.11932483995265	1	1	122	46.949929815398	0
591	0.346978231790993	4.11932483995265	1	1	591	3.08274221022592	0
608	0.346978231790993	4.11932483995265	1	1	608	3.08274221022592	0
184	-0.220598522816919	5.09999014556225	1	1	184	0	0
252	-0.220598522816919	5.09999014556225	1	1	252	4219.95328388459	0
339	-0.220598522816919	5.09999014556225	1	1	339	0	0
539	-0.210518174578814	3.78567747548154	1	1	539	10416.0437343522	0
552	-0.210518174578814	3.78567747548154	1	1	552	365.913101818713	0
823	-0.152341451938892	5.732129132903	1	1	823	0	0
446	-0.0970039170333895	5.03223900961736	1	1	446	0	0
10	-0.0861410569433119	6.27268510377892	1	1	10	1.2003281202103	0
419	-0.0536373851140396	5.48597718576009	1	1	419	1691.37990314365	0
190	0.0381795002624322	4.96068275130531	1	1	190	0	0
598	0.0375249208670984	4.24940215671484	1	1	598	7.20196872126177	0
9	-0.0176769685840073	7.341130821282	1	1	9	1388.6336895948	0
998	-0.00176698654715847	5.646834028216	1	1	998	4482.56161495479	0
3	-2.56274120305193e-15	2.78897777480913	1	1	3	33.9101643124852	0
4	-2.56274120305193e-15	2.78897777480913	1	1	4	9685.54975926705	0
13	-2.56274120305193e-15	2.78897777480913	1	1	13	0	0
15	-2.56274120305193e-15	2.78897777480913	1	1	15	7316.70015059069	0
17	-2.56274120305193e-15	2.78897777480913	1	1	17	0	0
18	-2.56274120305193e-15	2.78897777480913	1	1	18	0	0
19	-2.56274120305193e-15	2.78897777480913	1	1	19	0	0
21	-2.56274120305193e-15	2.78897777480913	1	1	21	0	0
22	-2.56274120305193e-15	2.78897777480913	1	1	22	36.0098436063089	0
24	-2.56274120305193e-15	2.78897777480913	1	1	24	0	0
25	-2.56274120305193e-15	2.78897777480913	1	1	25	318.197374290721	0
29	-2.56274120305193e-15	2.78897777480913	1	1	29	0	0
30	-2.56274120305193e-15	2.78897777480913	1	1	30	0	0
31	-2.56274120305193e-15	2.78897777480913	1	1	31	360.098436063089	0
42	-2.56274120305193e-15	2.78897777480913	1	1	42	9151.83111684873	0
48	-2.56274120305193e-15	2.78897777480913	1	1	48	0	0
50	-2.56274120305193e-15	2.78897777480913	1	1	50	0	0
51	-2.56274120305193e-15	2.78897777480913	1	1	51	0	0
56	-2.56274120305193e-15	2.78897777480913	1	1	56	0	0
57	-2.56274120305193e-15	2.78897777480913	1	1	57	10.966796901293	0
58	-2.56274120305193e-15	2.78897777480913	1	1	58	0	0
59	-2.56274120305193e-15	2.78897777480913	1	1	59	0	0
61	-2.56274120305193e-15	2.78897777480913	1	1	61	1594.99044283451	0
63	-2.56274120305193e-15	2.78897777480913	1	1	63	0	0
65	-2.56274120305193e-15	2.78897777480913	1	1	65	0	0
66	-2.56274120305193e-15	2.78897777480913	1	1	66	0	0
69	-2.56274120305193e-15	2.78897777480913	1	1	69	12.1671250215033	0
71	-2.56274120305193e-15	2.78897777480913	1	1	71	13.2036093223133	0
72	-2.56274120305193e-15	2.78897777480913	1	1	72	206.623860161748	0
73	-2.56274120305193e-15	2.78897777480913	1	1	73	320.735163658338	0
75	-2.56274120305193e-15	2.78897777480913	1	1	75	96.0262496168236	0
76	-2.56274120305193e-15	2.78897777480913	1	1	76	198.656093727893	0
78	-2.56274120305193e-15	2.78897777480913	1	1	78	2289.41234056763	0
80	-2.56274120305193e-15	2.78897777480913	1	1	80	1657.12965916487	0
95	-2.56274120305193e-15	2.78897777480913	1	1	95	151.05436830107	0
97	-2.56274120305193e-15	2.78897777480913	1	1	97	0	0
99	-2.56274120305193e-15	2.78897777480913	1	1	99	10.966796901293	0
102	-2.56274120305193e-15	2.78897777480913	1	1	102	0	0
110	-2.56274120305193e-15	2.78897777480913	1	1	110	4.80131248084118	0
112	-2.56274120305193e-15	2.78897777480913	1	1	112	3.08274221022592	0
116	-2.56274120305193e-15	2.78897777480913	1	1	116	0	0
119	-2.56274120305193e-15	2.78897777480913	1	1	119	0	0
120	-2.56274120305193e-15	2.78897777480913	1	1	120	1058.27276994875	0
121	-2.56274120305193e-15	2.78897777480913	1	1	121	0	0
128	-2.56274120305193e-15	2.78897777480913	1	1	128	0	0
130	-2.56274120305193e-15	2.78897777480913	1	1	130	1388.1688688288	0
131	-2.56274120305193e-15	2.78897777480913	1	1	131	818.901623903992	0
132	-2.56274120305193e-15	2.78897777480913	1	1	132	367.578250704921	0
134	-2.56274120305193e-15	2.78897777480913	1	1	134	4.80131248084118	0
140	-2.56274120305193e-15	2.78897777480913	1	1	140	2181.54665356811	0
149	-2.56274120305193e-15	2.78897777480913	1	1	149	0	0
152	-2.56274120305193e-15	2.78897777480913	1	1	152	381.95547745524	0
153	-2.56274120305193e-15	2.78897777480913	1	1	153	235.702421635011	0
159	-2.56274120305193e-15	2.78897777480913	1	1	159	7024.92789327549	0
162	-2.56274120305193e-15	2.78897777480913	1	1	162	0	0
165	-2.56274120305193e-15	2.78897777480913	1	1	165	4273.43906814512	0
169	-2.56274120305193e-15	2.78897777480913	1	1	169	834.292203929095	0
170	-2.56274120305193e-15	2.78897777480913	1	1	170	0	0
171	-2.56274120305193e-15	2.78897777480913	1	1	171	336.091873658883	0
172	-2.56274120305193e-15	2.78897777480913	1	1	172	0	0
173	-2.56274120305193e-15	2.78897777480913	1	1	173	2430.84811221335	0
177	-2.56274120305193e-15	2.78897777480913	1	1	177	0	0
179	-2.56274120305193e-15	2.78897777480913	1	1	179	0	0
185	-2.56274120305193e-15	2.78897777480913	1	1	185	379.360687037038	0
193	-2.56274120305193e-15	2.78897777480913	1	1	193	0	0
197	-2.56274120305193e-15	2.78897777480913	1	1	197	0	0
199	-2.56274120305193e-15	2.78897777480913	1	1	199	21.5791954715815	0
200	-2.56274120305193e-15	2.78897777480913	1	1	200	3877.65489644834	0
204	-2.56274120305193e-15	2.78897777480913	1	1	204	870.45873202245	0
208	-2.56274120305193e-15	2.78897777480913	1	1	208	0	0
211	-2.56274120305193e-15	2.78897777480913	1	1	211	1.2003281202103	0
214	-2.56274120305193e-15	2.78897777480913	1	1	214	386.3988119389	0
219	-2.56274120305193e-15	2.78897777480913	1	1	219	0	0
224	-2.56274120305193e-15	2.78897777480913	1	1	224	0	0
227	-2.56274120305193e-15	2.78897777480913	1	1	227	27.7446798920333	0
231	-2.56274120305193e-15	2.78897777480913	1	1	231	0	0
232	-2.56274120305193e-15	2.78897777480913	1	1	232	0	0
234	-2.56274120305193e-15	2.78897777480913	1	1	234	0	0
235	-2.56274120305193e-15	2.78897777480913	1	1	235	343.708821427911	0
237	-2.56274120305193e-15	2.78897777480913	1	1	237	88.7174381267465	0
238	-2.56274120305193e-15	2.78897777480913	1	1	238	0	0
239	-2.56274120305193e-15	2.78897777480913	1	1	239	449.638672953014	0
244	-2.56274120305193e-15	2.78897777480913	1	1	244	2.40065624042059	0
247	-2.56274120305193e-15	2.78897777480913	1	1	247	7.88405469106711	0
249	-2.56274120305193e-15	2.78897777480913	1	1	249	7.88405469106711	0
250	-2.56274120305193e-15	2.78897777480913	1	1	250	0	0
254	-2.56274120305193e-15	2.78897777480913	1	1	254	13976.3615049638	0
255	-2.56274120305193e-15	2.78897777480913	1	1	255	18.0049218031544	0
256	-2.56274120305193e-15	2.78897777480913	1	1	256	0	0
257	-2.56274120305193e-15	2.78897777480913	1	1	257	0	0
259	-2.56274120305193e-15	2.78897777480913	1	1	259	0	0
260	-2.56274120305193e-15	2.78897777480913	1	1	260	20.405578043575	0
263	-2.56274120305193e-15	2.78897777480913	1	1	263	193.77464917044	0
265	-2.56274120305193e-15	2.78897777480913	1	1	265	1697.75026074042	0
266	-2.56274120305193e-15	2.78897777480913	1	1	266	1202.13398188988	0
268	-2.56274120305193e-15	2.78897777480913	1	1	268	0	0
270	-2.56274120305193e-15	2.78897777480913	1	1	270	2379.87698629441	0
271	-2.56274120305193e-15	2.78897777480913	1	1	271	0	0
275	-2.56274120305193e-15	2.78897777480913	1	1	275	958.732827380263	0
277	-2.56274120305193e-15	2.78897777480913	1	1	277	1.2003281202103	0
278	-2.56274120305193e-15	2.78897777480913	1	1	278	793.290493330341	0
288	-2.56274120305193e-15	2.78897777480913	1	1	288	0	0
293	-2.56274120305193e-15	2.78897777480913	1	1	293	0	0
294	-2.56274120305193e-15	2.78897777480913	1	1	294	175.716305982878	0
300	-2.56274120305193e-15	2.78897777480913	1	1	300	13.2036093223133	0
301	-2.56274120305193e-15	2.78897777480913	1	1	301	344.745305728721	0
304	-2.56274120305193e-15	2.78897777480913	1	1	304	101.730492937456	0
305	-2.56274120305193e-15	2.78897777480913	1	1	305	0	0
306	-2.56274120305193e-15	2.78897777480913	1	1	306	539.853836480391	0
309	-2.56274120305193e-15	2.78897777480913	1	1	309	36.0098436063089	0
312	-2.56274120305193e-15	2.78897777480913	1	1	312	36.0098436063089	0
313	-2.56274120305193e-15	2.78897777480913	1	1	313	337.292201779093	0
318	-2.56274120305193e-15	2.78897777480913	1	1	318	1001.49579063551	0
320	-2.56274120305193e-15	2.78897777480913	1	1	320	0	0
322	-2.56274120305193e-15	2.78897777480913	1	1	322	0	0
325	-2.56274120305193e-15	2.78897777480913	1	1	325	0	0
326	-2.56274120305193e-15	2.78897777480913	1	1	326	0	0
327	-2.56274120305193e-15	2.78897777480913	1	1	327	0	0
328	-2.56274120305193e-15	2.78897777480913	1	1	328	0	0
329	-2.56274120305193e-15	2.78897777480913	1	1	329	666.955063761663	0
332	-2.56274120305193e-15	2.78897777480913	1	1	332	0	0
334	-2.56274120305193e-15	2.78897777480913	1	1	334	0	0
335	-2.56274120305193e-15	2.78897777480913	1	1	335	0	0
336	-2.56274120305193e-15	2.78897777480913	1	1	336	0	0
337	-2.56274120305193e-15	2.78897777480913	1	1	337	0	0
340	-2.56274120305193e-15	2.78897777480913	1	1	340	0	0
341	-2.56274120305193e-15	2.78897777480913	1	1	341	868.758060082721	0
344	-2.56274120305193e-15	2.78897777480913	1	1	344	104.428546458296	0
347	-2.56274120305193e-15	2.78897777480913	1	1	347	0	0
350	-2.56274120305193e-15	2.78897777480913	1	1	350	0	0
351	-2.56274120305193e-15	2.78897777480913	1	1	351	0	0
354	-2.56274120305193e-15	2.78897777480913	1	1	354	0	0
357	-2.56274120305193e-15	2.78897777480913	1	1	357	0	0
358	-2.56274120305193e-15	2.78897777480913	1	1	358	0	0
360	-2.56274120305193e-15	2.78897777480913	1	1	360	0	0
362	-2.56274120305193e-15	2.78897777480913	1	1	362	42.3391718461611	0
363	-2.56274120305193e-15	2.78897777480913	1	1	363	0	0
367	-2.56274120305193e-15	2.78897777480913	1	1	367	0	0
368	-2.56274120305193e-15	2.78897777480913	1	1	368	222.254836416686	0
369	-2.56274120305193e-15	2.78897777480913	1	1	369	44.1948752439729	0
370	-2.56274120305193e-15	2.78897777480913	1	1	370	12.3309688409037	0
375	-2.56274120305193e-15	2.78897777480913	1	1	375	125.790476726069	0
376	-2.56274120305193e-15	2.78897777480913	1	1	376	0	0
377	-2.56274120305193e-15	2.78897777480913	1	1	377	0	0
378	-2.56274120305193e-15	2.78897777480913	1	1	378	0	0
381	-2.56274120305193e-15	2.78897777480913	1	1	381	0	0
382	-2.56274120305193e-15	2.78897777480913	1	1	382	3515.75417837185	0
384	-2.56274120305193e-15	2.78897777480913	1	1	384	414.524600854141	0
385	-2.56274120305193e-15	2.78897777480913	1	1	385	0	0
388	-2.56274120305193e-15	2.78897777480913	1	1	388	0	0
392	-2.56274120305193e-15	2.78897777480913	1	1	392	4811.69191612224	0
394	-2.56274120305193e-15	2.78897777480913	1	1	394	0	0
395	-2.56274120305193e-15	2.78897777480913	1	1	395	810.677489546629	0
396	-2.56274120305193e-15	2.78897777480913	1	1	396	1487.76581244787	0
397	-2.56274120305193e-15	2.78897777480913	1	1	397	7.20196872126177	0
399	-2.56274120305193e-15	2.78897777480913	1	1	399	0	0
400	-2.56274120305193e-15	2.78897777480913	1	1	400	4.28307033043622	0
403	-2.56274120305193e-15	2.78897777480913	1	1	403	66.0180466115662	0
404	-2.56274120305193e-15	2.78897777480913	1	1	404	1248.73667270662	0
407	-2.56274120305193e-15	2.78897777480913	1	1	407	160.302594931748	0
408	-2.56274120305193e-15	2.78897777480913	1	1	408	0	0
409	-2.56274120305193e-15	2.78897777480913	1	1	409	105.628874578506	0
412	-2.56274120305193e-15	2.78897777480913	1	1	412	112.586867403756	0
415	-2.56274120305193e-15	2.78897777480913	1	1	415	0	0
416	-2.56274120305193e-15	2.78897777480913	1	1	416	6.00164060105148	0
417	-2.56274120305193e-15	2.78897777480913	1	1	417	1504.0111346235	0
418	-2.56274120305193e-15	2.78897777480913	1	1	418	1907.28420693168	0
420	-2.56274120305193e-15	2.78897777480913	1	1	420	6593.60062537561	0
423	-2.56274120305193e-15	2.78897777480913	1	1	423	1300.30451982361	0
425	-2.56274120305193e-15	2.78897777480913	1	1	425	284.752030744233	0
428	-2.56274120305193e-15	2.78897777480913	1	1	428	27.7446798920333	0
429	-2.56274120305193e-15	2.78897777480913	1	1	429	37.2101717265192	0
430	-2.56274120305193e-15	2.78897777480913	1	1	430	0	0
431	-2.56274120305193e-15	2.78897777480913	1	1	431	756.213875064841	0
432	-2.56274120305193e-15	2.78897777480913	1	1	432	203.460985874911	0
434	-2.56274120305193e-15	2.78897777480913	1	1	434	1519.92353646519	0
435	-2.56274120305193e-15	2.78897777480913	1	1	435	0	0
436	-2.56274120305193e-15	2.78897777480913	1	1	436	0	0
437	-2.56274120305193e-15	2.78897777480913	1	1	437	0	0
439	-2.56274120305193e-15	2.78897777480913	1	1	439	698.712127395916	0
442	-2.56274120305193e-15	2.78897777480913	1	1	442	127.234780742291	0
447	-2.56274120305193e-15	2.78897777480913	1	1	447	198.137851577488	0
448	-2.56274120305193e-15	2.78897777480913	1	1	448	95.6184299014113	0
450	-2.56274120305193e-15	2.78897777480913	1	1	450	642.129282260455	0
453	-2.56274120305193e-15	2.78897777480913	1	1	453	373.011807437337	0
457	-2.56274120305193e-15	2.78897777480913	1	1	457	0	0
460	-2.56274120305193e-15	2.78897777480913	1	1	460	13.8856952921186	0
461	-2.56274120305193e-15	2.78897777480913	1	1	461	595.015508625656	0
463	-2.56274120305193e-15	2.78897777480913	1	1	463	6.16548442045185	0
464	-2.56274120305193e-15	2.78897777480913	1	1	464	1559.58420615036	0
467	-2.56274120305193e-15	2.78897777480913	1	1	467	10.8029530818927	0
471	-2.56274120305193e-15	2.78897777480913	1	1	471	0	0
477	-2.56274120305193e-15	2.78897777480913	1	1	477	0	0
480	-2.56274120305193e-15	2.78897777480913	1	1	480	90.0246090157722	0
483	-2.56274120305193e-15	2.78897777480913	1	1	483	429.095961782243	0
487	-2.56274120305193e-15	2.78897777480913	1	1	487	147.643938452044	0
488	-2.56274120305193e-15	2.78897777480913	1	1	488	4728.05005673073	0
489	-2.56274120305193e-15	2.78897777480913	1	1	489	0	0
491	-2.56274120305193e-15	2.78897777480913	1	1	491	24.0065624042059	0
492	-2.56274120305193e-15	2.78897777480913	1	1	492	16.4501953519395	0
493	-2.56274120305193e-15	2.78897777480913	1	1	493	135.255968560555	0
495	-2.56274120305193e-15	2.78897777480913	1	1	495	1563.09266640688	0
496	-2.56274120305193e-15	2.78897777480913	1	1	496	3383.21939435816	0
500	-2.56274120305193e-15	2.78897777480913	1	1	500	0	0
501	-2.56274120305193e-15	2.78897777480913	1	1	501	2.40065624042059	0
503	-2.56274120305193e-15	2.78897777480913	1	1	503	0	0
508	-2.56274120305193e-15	2.78897777480913	1	1	508	0	0
511	-2.56274120305193e-15	2.78897777480913	1	1	511	0	0
513	-2.56274120305193e-15	2.78897777480913	1	1	513	0	0
514	-2.56274120305193e-15	2.78897777480913	1	1	514	588.08422649261	0
516	-2.56274120305193e-15	2.78897777480913	1	1	516	0	0
517	-2.56274120305193e-15	2.78897777480913	1	1	517	0	0
518	-2.56274120305193e-15	2.78897777480913	1	1	518	1.2003281202103	0
519	-2.56274120305193e-15	2.78897777480913	1	1	519	0	0
522	-2.56274120305193e-15	2.78897777480913	1	1	522	0	0
526	-2.56274120305193e-15	2.78897777480913	1	1	526	0	0
528	-2.56274120305193e-15	2.78897777480913	1	1	528	0	0
530	-2.56274120305193e-15	2.78897777480913	1	1	530	1047.87047724992	0
531	-2.56274120305193e-15	2.78897777480913	1	1	531	127.916866712097	0
532	-2.56274120305193e-15	2.78897777480913	1	1	532	509.330970990906	0
533	-2.56274120305193e-15	2.78897777480913	1	1	533	1080.71744656939	0
535	-2.56274120305193e-15	2.78897777480913	1	1	535	330.722477309406	0
540	-2.56274120305193e-15	2.78897777480913	1	1	540	0	0
543	-2.56274120305193e-15	2.78897777480913	1	1	543	0	0
544	-2.56274120305193e-15	2.78897777480913	1	1	544	100.366320997845	0
546	-2.56274120305193e-15	2.78897777480913	1	1	546	1297.70257007306	0
548	-2.56274120305193e-15	2.78897777480913	1	1	548	1252.10442016978	0
554	-2.56274120305193e-15	2.78897777480913	1	1	554	849.869758799625	0
555	-2.56274120305193e-15	2.78897777480913	1	1	555	0	0
559	-2.56274120305193e-15	2.78897777480913	1	1	559	1070.60015912348	0
561	-2.56274120305193e-15	2.78897777480913	1	1	561	1449.5530264451	0
564	-2.56274120305193e-15	2.78897777480913	1	1	564	357.697779822668	0
565	-2.56274120305193e-15	2.78897777480913	1	1	565	8140.84642974446	0
568	-2.56274120305193e-15	2.78897777480913	1	1	568	0	0
574	-2.56274120305193e-15	2.78897777480913	1	1	574	0	0
576	-2.56274120305193e-15	2.78897777480913	1	1	576	15.4137110511296	0
577	-2.56274120305193e-15	2.78897777480913	1	1	577	200.458375741297	0
578	-2.56274120305193e-15	2.78897777480913	1	1	578	0	0
579	-2.56274120305193e-15	2.78897777480913	1	1	579	27.6075467648368	0
581	-2.56274120305193e-15	2.78897777480913	1	1	581	357.293539773433	0
583	-2.56274120305193e-15	2.78897777480913	1	1	583	27.7446798920333	0
584	-2.56274120305193e-15	2.78897777480913	1	1	584	0	0
587	-2.56274120305193e-15	2.78897777480913	1	1	587	363.703000089897	0
588	-2.56274120305193e-15	2.78897777480913	1	1	588	0	0
589	-2.56274120305193e-15	2.78897777480913	1	1	589	0	0
590	-2.56274120305193e-15	2.78897777480913	1	1	590	1017.56129729806	0
592	-2.56274120305193e-15	2.78897777480913	1	1	592	1795.33839614081	0
593	-2.56274120305193e-15	2.78897777480913	1	1	593	0	0
595	-2.56274120305193e-15	2.78897777480913	1	1	595	0	0
596	-2.56274120305193e-15	2.78897777480913	1	1	596	0	0
597	-2.56274120305193e-15	2.78897777480913	1	1	597	569.671484974044	0
607	-2.56274120305193e-15	2.78897777480913	1	1	607	45.5857578757874	0
609	-2.56274120305193e-15	2.78897777480913	1	1	609	162.238430406171	0
612	-2.56274120305193e-15	2.78897777480913	1	1	612	552.150935296736	0
613	-2.56274120305193e-15	2.78897777480913	1	1	613	413.003744427485	0
615	-2.56274120305193e-15	2.78897777480913	1	1	615	266.472842686686	0
616	-2.56274120305193e-15	2.78897777480913	1	1	616	4209.02916936918	0
622	-2.56274120305193e-15	2.78897777480913	1	1	622	2886.81611340622	0
626	-2.56274120305193e-15	2.78897777480913	1	1	626	0	0
629	-2.56274120305193e-15	2.78897777480913	1	1	629	156.23678980512	0
631	-2.56274120305193e-15	2.78897777480913	1	1	631	10.2847109314877	0
633	-2.56274120305193e-15	2.78897777480913	1	1	633	2560.35522843018	0
634	-2.56274120305193e-15	2.78897777480913	1	1	634	0	0
636	-2.56274120305193e-15	2.78897777480913	1	1	636	0	0
637	-2.56274120305193e-15	2.78897777480913	1	1	637	32.0544609146734	0
641	-2.56274120305193e-15	2.78897777480913	1	1	641	0	0
644	-2.56274120305193e-15	2.78897777480913	1	1	644	172.847249310283	0
645	-2.56274120305193e-15	2.78897777480913	1	1	645	58.5721019942926	0
647	-2.56274120305193e-15	2.78897777480913	1	1	647	164.44495246881	0
648	-2.56274120305193e-15	2.78897777480913	1	1	648	92.4822663067777	0
649	-2.56274120305193e-15	2.78897777480913	1	1	649	0	0
652	-2.56274120305193e-15	2.78897777480913	1	1	652	1472.75992111216	0
657	-2.56274120305193e-15	2.78897777480913	1	1	657	3039.2291473435	0
660	-2.56274120305193e-15	2.78897777480913	1	1	660	211.478594026997	0
661	-2.56274120305193e-15	2.78897777480913	1	1	661	1972.13910150552	0
662	-2.56274120305193e-15	2.78897777480913	1	1	662	240.453892397622	0
667	-2.56274120305193e-15	2.78897777480913	1	1	667	4.80131248084118	0
669	-2.56274120305193e-15	2.78897777480913	1	1	669	0	0
673	-2.56274120305193e-15	2.78897777480913	1	1	673	4.28307033043622	0
674	-2.56274120305193e-15	2.78897777480913	1	1	674	0	0
679	-2.56274120305193e-15	2.78897777480913	1	1	679	0	0
685	-2.56274120305193e-15	2.78897777480913	1	1	685	0	0
686	-2.56274120305193e-15	2.78897777480913	1	1	686	338.221843311088	0
687	-2.56274120305193e-15	2.78897777480913	1	1	687	0	0
688	-2.56274120305193e-15	2.78897777480913	1	1	688	3.60098436063089	0
689	-2.56274120305193e-15	2.78897777480913	1	1	689	534.828099463387	0
690	-2.56274120305193e-15	2.78897777480913	1	1	690	4908.1491164805	0
692	-2.56274120305193e-15	2.78897777480913	1	1	692	0	0
693	-2.56274120305193e-15	2.78897777480913	1	1	693	0	0
694	-2.56274120305193e-15	2.78897777480913	1	1	694	0	0
695	-2.56274120305193e-15	2.78897777480913	1	1	695	1692.64273861784	0
696	-2.56274120305193e-15	2.78897777480913	1	1	696	517.900691317955	0
697	-2.56274120305193e-15	2.78897777480913	1	1	697	0	0
700	-2.56274120305193e-15	2.78897777480913	1	1	700	9.24822663067777	0
701	-2.56274120305193e-15	2.78897777480913	1	1	701	0	0
702	-2.56274120305193e-15	2.78897777480913	1	1	702	0	0
703	-2.56274120305193e-15	2.78897777480913	1	1	703	0	0
704	-2.56274120305193e-15	2.78897777480913	1	1	704	0	0
705	-2.56274120305193e-15	2.78897777480913	1	1	705	0	0
706	-2.56274120305193e-15	2.78897777480913	1	1	706	0	0
708	-2.56274120305193e-15	2.78897777480913	1	1	708	2146.493162186	0
709	-2.56274120305193e-15	2.78897777480913	1	1	709	0	0
714	-2.56274120305193e-15	2.78897777480913	1	1	714	15471.5429716705	0
715	-2.56274120305193e-15	2.78897777480913	1	1	715	995.146911035806	0
716	-2.56274120305193e-15	2.78897777480913	1	1	716	0	0
717	-2.56274120305193e-15	2.78897777480913	1	1	717	0	0
720	-2.56274120305193e-15	2.78897777480913	1	1	720	0	0
721	-2.56274120305193e-15	2.78897777480913	1	1	721	135.011992664543	0
723	-2.56274120305193e-15	2.78897777480913	1	1	723	228.062342839956	0
727	-2.56274120305193e-15	2.78897777480913	1	1	727	228.012501121726	0
732	-2.56274120305193e-15	2.78897777480913	1	1	732	345.674947260716	0
735	-2.56274120305193e-15	2.78897777480913	1	1	735	0	0
744	-2.56274120305193e-15	2.78897777480913	1	1	744	0	0
748	-2.56274120305193e-15	2.78897777480913	1	1	748	733.209926936886	0
749	-2.56274120305193e-15	2.78897777480913	1	1	749	160.302594931748	0
750	-2.56274120305193e-15	2.78897777480913	1	1	750	343.21728996971	0
757	-2.56274120305193e-15	2.78897777480913	1	1	757	921.618759424027	0
763	-2.56274120305193e-15	2.78897777480913	1	1	763	241.212530777862	0
764	-2.56274120305193e-15	2.78897777480913	1	1	764	21.5791954715815	0
769	-2.56274120305193e-15	2.78897777480913	1	1	769	0	0
775	-2.56274120305193e-15	2.78897777480913	1	1	775	0	0
777	-2.56274120305193e-15	2.78897777480913	1	1	777	15.4137110511296	0
778	-2.56274120305193e-15	2.78897777480913	1	1	778	15.4137110511296	0
779	-2.56274120305193e-15	2.78897777480913	1	1	779	0	0
780	-2.56274120305193e-15	2.78897777480913	1	1	780	0	0
782	-2.56274120305193e-15	2.78897777480913	1	1	782	0	0
783	-2.56274120305193e-15	2.78897777480913	1	1	783	2134.91367239298	0
785	-2.56274120305193e-15	2.78897777480913	1	1	785	244.516117858073	0
786	-2.56274120305193e-15	2.78897777480913	1	1	786	397.20534468697	0
787	-2.56274120305193e-15	2.78897777480913	1	1	787	7884.23285355122	0
788	-2.56274120305193e-15	2.78897777480913	1	1	788	0	0
794	-2.56274120305193e-15	2.78897777480913	1	1	794	486.13288868517	0
795	-2.56274120305193e-15	2.78897777480913	1	1	795	297.163131661748	0
800	-2.56274120305193e-15	2.78897777480913	1	1	800	86.4236246551413	0
805	-2.56274120305193e-15	2.78897777480913	1	1	805	57.0707969274854	0
806	-2.56274120305193e-15	2.78897777480913	1	1	806	289.827609479467	0
809	-2.56274120305193e-15	2.78897777480913	1	1	809	113.242242681357	0
813	-2.56274120305193e-15	2.78897777480913	1	1	813	0	0
815	-2.56274120305193e-15	2.78897777480913	1	1	815	0	0
816	-2.56274120305193e-15	2.78897777480913	1	1	816	0	0
819	-2.56274120305193e-15	2.78897777480913	1	1	819	0	0
820	-2.56274120305193e-15	2.78897777480913	1	1	820	0	0
821	-2.56274120305193e-15	2.78897777480913	1	1	821	24.0065624042059	0
830	-2.56274120305193e-15	2.78897777480913	1	1	830	0	0
834	-2.56274120305193e-15	2.78897777480913	1	1	834	21.6059061637853	0
835	-2.56274120305193e-15	2.78897777480913	1	1	835	0	0
837	-2.56274120305193e-15	2.78897777480913	1	1	837	0	0
842	-2.56274120305193e-15	2.78897777480913	1	1	842	0	0
849	-2.56274120305193e-15	2.78897777480913	1	1	849	0	0
851	-2.56274120305193e-15	2.78897777480913	1	1	851	0	0
852	-2.56274120305193e-15	2.78897777480913	1	1	852	0	0
853	-2.56274120305193e-15	2.78897777480913	1	1	853	298.881701932364	0
855	-2.56274120305193e-15	2.78897777480913	1	1	855	0	0
859	-2.56274120305193e-15	2.78897777480913	1	1	859	0	0
860	-2.56274120305193e-15	2.78897777480913	1	1	860	0	0
861	-2.56274120305193e-15	2.78897777480913	1	1	861	0	0
864	-2.56274120305193e-15	2.78897777480913	1	1	864	0	0
866	-2.56274120305193e-15	2.78897777480913	1	1	866	0	0
867	-2.56274120305193e-15	2.78897777480913	1	1	867	0	0
868	-2.56274120305193e-15	2.78897777480913	1	1	868	0	0
869	-2.56274120305193e-15	2.78897777480913	1	1	869	0	0
870	-2.56274120305193e-15	2.78897777480913	1	1	870	0	0
871	-2.56274120305193e-15	2.78897777480913	1	1	871	0	0
873	-2.56274120305193e-15	2.78897777480913	1	1	873	0	0
876	-2.56274120305193e-15	2.78897777480913	1	1	876	902.851619574456	0
877	-2.56274120305193e-15	2.78897777480913	1	1	877	98.4269058572442	0
878	-2.56274120305193e-15	2.78897777480913	1	1	878	0	0
883	-2.56274120305193e-15	2.78897777480913	1	1	883	0	0
884	-2.56274120305193e-15	2.78897777480913	1	1	884	5964.58215472512	0
891	-2.56274120305193e-15	2.78897777480913	1	1	891	1531.36947279718	0
892	-2.56274120305193e-15	2.78897777480913	1	1	892	40.81115608715	0
895	-2.56274120305193e-15	2.78897777480913	1	1	895	0	0
896	-2.56274120305193e-15	2.78897777480913	1	1	896	0	0
897	-2.56274120305193e-15	2.78897777480913	1	1	897	7186.18546101072	0
902	-2.56274120305193e-15	2.78897777480913	1	1	902	0	0
909	-2.56274120305193e-15	2.78897777480913	1	1	909	302.108736602141	0
910	-2.56274120305193e-15	2.78897777480913	1	1	910	0	0
911	-2.56274120305193e-15	2.78897777480913	1	1	911	671.809797626912	0
912	-2.56274120305193e-15	2.78897777480913	1	1	912	1662.03258171939	0
913	-2.56274120305193e-15	2.78897777480913	1	1	913	15.4137110511296	0
915	-2.56274120305193e-15	2.78897777480913	1	1	915	768.053312447543	0
917	-2.56274120305193e-15	2.78897777480913	1	1	917	0	0
918	-2.56274120305193e-15	2.78897777480913	1	1	918	235.896555812793	0
919	-2.56274120305193e-15	2.78897777480913	1	1	919	0	0
920	-2.56274120305193e-15	2.78897777480913	1	1	920	152.715937521101	0
921	-2.56274120305193e-15	2.78897777480913	1	1	921	0	0
922	-2.56274120305193e-15	2.78897777480913	1	1	922	0	0
924	-2.56274120305193e-15	2.78897777480913	1	1	924	0	0
925	-2.56274120305193e-15	2.78897777480913	1	1	925	2782.88791076744	0
926	-2.56274120305193e-15	2.78897777480913	1	1	926	482.531904324539	0
927	-2.56274120305193e-15	2.78897777480913	1	1	927	1956.10581183856	0
928	-2.56274120305193e-15	2.78897777480913	1	1	928	520.759008992019	0
929	-2.56274120305193e-15	2.78897777480913	1	1	929	1408.81484310221	0
930	-2.56274120305193e-15	2.78897777480913	1	1	930	1073.15749985094	0
931	-2.56274120305193e-15	2.78897777480913	1	1	931	0	0
932	-2.56274120305193e-15	2.78897777480913	1	1	932	791.76247757133	0
933	-2.56274120305193e-15	2.78897777480913	1	1	933	0	0
934	-2.56274120305193e-15	2.78897777480913	1	1	934	0	0
935	-2.56274120305193e-15	2.78897777480913	1	1	935	9.24822663067777	0
938	-2.56274120305193e-15	2.78897777480913	1	1	938	0	0
939	-2.56274120305193e-15	2.78897777480913	1	1	939	524.878235503054	0
943	-2.56274120305193e-15	2.78897777480913	1	1	943	2506.58801858291	0
944	-2.56274120305193e-15	2.78897777480913	1	1	944	20.405578043575	0
946	-2.56274120305193e-15	2.78897777480913	1	1	946	0	0
948	-2.56274120305193e-15	2.78897777480913	1	1	948	84.1333908497134	0
953	-2.56274120305193e-15	2.78897777480913	1	1	953	0	0
955	-2.56274120305193e-15	2.78897777480913	1	1	955	0	0
957	-2.56274120305193e-15	2.78897777480913	1	1	957	0	0
958	-2.56274120305193e-15	2.78897777480913	1	1	958	0	0
959	-2.56274120305193e-15	2.78897777480913	1	1	959	0	0
966	-2.56274120305193e-15	2.78897777480913	1	1	966	0	0
968	-2.56274120305193e-15	2.78897777480913	1	1	968	0	0
969	-2.56274120305193e-15	2.78897777480913	1	1	969	0	0
971	-2.56274120305193e-15	2.78897777480913	1	1	971	0	0
975	-2.56274120305193e-15	2.78897777480913	1	1	975	0	0
977	-2.56274120305193e-15	2.78897777480913	1	1	977	0	0
978	-2.56274120305193e-15	2.78897777480913	1	1	978	167.230297398617	0
979	-2.56274120305193e-15	2.78897777480913	1	1	979	464.91167121077	0
980	-2.56274120305193e-15	2.78897777480913	1	1	980	70.9030708351963	0
981	-2.56274120305193e-15	2.78897777480913	1	1	981	1988.80848869848	0
982	-2.56274120305193e-15	2.78897777480913	1	1	982	0	0
983	-2.56274120305193e-15	2.78897777480913	1	1	983	234.28840797717	0
984	-2.56274120305193e-15	2.78897777480913	1	1	984	528.368797428693	0
985	-2.56274120305193e-15	2.78897777480913	1	1	985	9.60262496168236	0
986	-2.56274120305193e-15	2.78897777480913	1	1	986	7.20196872126177	0
987	-2.56274120305193e-15	2.78897777480913	1	1	987	0	0
992	-2.56274120305193e-15	2.78897777480913	1	1	992	43.1851016353668	0
997	-2.56274120305193e-15	2.78897777480913	1	1	997	0	0
999	-2.56274120305193e-15	2.78897777480913	1	1	999	119.080039463008	0
